Species,Presacral
Ablepharus_bivittatus,30
Ablepharus_deserti,29
Ablepharus_kitaibelii,33
Abronia_deppii,29
Abronia_martindelcampi,28
Abronia_montecristoi,30
Abronia_salvadorensis,29
Abronia_taeniata,27
Acanthocercus_atricollis,23
Acanthocercus_yemenensis,24
Acanthodactylus_arabicus,24
Acanthodactylus_aureus,24
Acanthodactylus_bedriagae,26
Acanthodactylus_blanfordii,24
Acanthodactylus_boskianus,25
Acanthodactylus_cantoris,24
Acanthodactylus_erythrurus,25
Acanthodactylus_grandis,24
Acanthodactylus_haasi,24
Acanthodactylus_longipes,24
Acanthodactylus_maculatus,24
Acanthodactylus_micropholis,24
Acanthodactylus_pardalis,25
Acanthodactylus_robustus,26
Acanthodactylus_savignyi,25
Acanthodactylus_schmidti,25
Acanthodactylus_scutellatus,25
Acanthodactylus_spinicauda,24
Acanthodactylus_tristrami,26
Acanthosaura_armata,23
Acanthosaura_crucigera,23
Acanthosaura_lepidogaster,22
Acontias_breviceps,70
Acontias_gracilicauda,76
Acontias_litoralis,67
Acontias_meleagris,81
Acontias_percivali,78
Acontias_plumbeus,70
Acontophiops_lineatus,82
Adolfus_africanus,25
Adolfus_alleni,27
Adolfus_jacksoni,27
Adolfus_vauereselli,25
Aeluroscalabotes_felinus,27
Afroedura_transvaalica,27
Agama_aculeata,23
Agama_agama,22
Agama_doriae,22
Agama_impalearis,22
Agama_kirki,22
Agama_mossambica,22
Agamura_persica,24
Algyroides_fitzingeri,26
Algyroides_marchi,25
Algyroides_moreoticus,25
Algyroides_nigropunctatus,25
Alopoglossus_buckleyi,25
Alopoglossus_festae,26
Amblyrhynchus_cristatus,24
Ameiva_ameiva,26
Ameiva_auberi,26
Ameiva_bifrontata,26
Ameiva_chrysolaema,26
Ameiva_dorsalis,26
Ameiva_edracantha,26
Ameiva_exsul,26
Ameiva_griswoldi,26
Ameiva_leberi,25
Ameiva_leptophrys,26
Ameiva_lineolata,26
Ameiva_maynardi,26
Ameiva_pleei,26
Ameiva_quadrilineata,25
Ameiva_taeniura,26
Ameiva_undulata,25
Amphibolurus_burnsi,23
Amphibolurus_muricatus,23
Amphibolurus_nobbi,23
Amphiglossus_astrolabi,38
Amphiglossus_crenni,56
Amphiglossus_frontoparietalis,32
Amphiglossus_igneocaudatus,37
Amphiglossus_intermedius,31
Amphiglossus_macrocercus,40
Amphiglossus_melanopleura,30
Amphiglossus_melanurus,43
Amphiglossus_mouroundavae,30
Amphiglossus_nanus,33
Amphiglossus_ornaticeps,42
Amphiglossus_punctatus,32
Amphiglossus_reticulatus,37
Amphiglossus_splendidus,36
Amphiglossus_stumpffi,41
Amphiglossus_tanysoma,52
Amphiglossus_tsaratananensis,36
Amphisbaena_alba,108
Amphisbaena_barbouri,118
Amphisbaena_caeca,112
Amphisbaena_darwini,95
Amphisbaena_fuliginosa,98
Amphisbaena_manni,112
Amphisbaena_schmidti,102
Anadia_bitaeniata,27
Anadia_ocellata,29
Anguis_fragilis,64
Anniella_geronimensis,71
Anniella_pulchra,71
Anolis_acutus,23
Anolis_aeneus,22
Anolis_aequatorialis,22
Anolis_aliniger,22
Anolis_allisoni,22
Anolis_aquaticus,22
Anolis_argenteolus,23
Anolis_armouri,23
Anolis_auratus,23
Anolis_barahonae,23
Anolis_barbatus,24
Anolis_barbouri,22
Anolis_bimaculatus,23
Anolis_biporcatus,22
Anolis_bonairensis,22
Anolis_brevirostris,23
Anolis_capito,23
Anolis_carolinensis,22
Anolis_chamaeleonides,22
Anolis_chloris,23
Anolis_chlorocyanus,24
Anolis_coelestinus,23
Anolis_cristatellus,23
Anolis_cuvieri,24
Anolis_cybotes,23
Anolis_darlingtoni,23
Anolis_distichus,23
Anolis_equestris,23
Anolis_evermanni,24
Anolis_extremus,24
Anolis_fowleri,23
Anolis_frenatus,24
Anolis_garmani,23
Anolis_gingivinus,24
Anolis_grahami,24
Anolis_gundlachi,23
Anolis_heterodermus,22
Anolis_homolechis,24
Anolis_humilis,22
Anolis_krugi,23
Anolis_leachi,23
Anolis_lemurinus,24
Anolis_lineatopus,24
Anolis_lividus,24
Anolis_longitibialis,24
Anolis_luciae,23
Anolis_luteogularis,23
Anolis_marmoratus,24
Anolis_nicefori,22
Anolis_occultus,23
Anolis_oculatus,24
Anolis_onca,24
Anolis_opalinus,25
Anolis_pentaprion,24
Anolis_porcatus,24
Anolis_pulchellus,23
Anolis_punctatus,23
Anolis_richardii,24
Anolis_roquet,23
Anolis_sagrei,24
Anolis_smaragdinus,23
Anolis_stratulus,24
Anolis_trinitatis,24
Anolis_tropidogaster,24
Anolis_uniformis,23
Anolis_valencienni,24
Anolis_vermiculatus,24
Anolis_wattsi,24
Anomalopus_brevicollis,48
Anomalopus_gowi,55
Anomalopus_leuckartii,53
Anomalopus_mackayi,54
Anomalopus_pluto,61
Anomalopus_swansoni,58
Anomalopus_verreauxi,55
Aphaniotis_acutirostris,22
Aphaniotis_fusca,22
Aprasia_aurita,101
Aprasia_inaurita,105
Aprasia_pseudopulchella,120
Aprasia_pulchella,101
Aprasia_repens,110
Aprasia_smithi,105
Aprasia_striolata,106
Apterygodon_vittatus,27
Aristelliger_cochranae,26
Aristelliger_lar,26
Aristelliger_praesignis,26
Arthrosaura_kockii,25
Arthrosaura_reticulata,24
Bachia_barbouri,45
Bachia_bicolor,45
Bachia_bresslaui,45
Bachia_dorbignyi,48
Bachia_flavescens,47
Bachia_haullagana,47
Bachia_heteropa,36
Bachia_intermedia,44
Bachia_monodactylus,45
Bachia_trisanale,48
Barisia_imbricata,31
Basiliscus_basiliscus,24
Basiliscus_galeritus,24
Basiliscus_plumifrons,24
Basiliscus_vittatus,24
Bassiana_duperreyi,32
Bassiana_platynota,32
Bassiana_trilineata,32
Bavayia_cyclura,26
Bipes_biporus,119
Bipes_canaliculatus,103
Blanus_cinereus,117
Boa_constrictor,252
Brachylophus_vitiensis,22
Brachymeles_bonitae,52
Brachymeles_boulengeri,32
Brachymeles_gracilis,33
Brachymeles_pathfinderi,34
Brachymeles_samarensis,45
Brachymeles_schadenbergi,32
Brachymeles_talinis,32
Brachymeles_tridactylus,49
Bradypodion_fischeri,19
Bradypodion_pumilum,18
Bradypodion_ventrale,19
Bronchocela_cristatella,22
Bronchocela_hayeki,22
Bronchocela_jubatus,23
Bronchocela_marmoratus,22
Brookesia_stumpffi,17
Brookesia_superciliaris,14
Caimanops_amphiboluroides,23
Callisaurus_draconoides,22
Callopistes_maculatus,25
Calotes_calotes,22
Calotes_emma,22
Calotes_mystaceus,23
Calotes_versicolor,22
Calumma_brevicornis,18
Calumma_globifer,18
Calumma_nasuta,18
Calumma_parsonii,18
Calumma_tigris,18
Calyptommatus_leiolepis,44
Calyptommatus_nicterus,49
Calyptotis_lepidorostrum,29
Calyptotis_ruficauda,26
Calyptotis_scutirostrum,29
Calyptotis_temporalis,26
Calyptotis_thorntonensis,26
Carlia_ailanpalai,27
Carlia_aramia,27
Carlia_bicarinata,26
Carlia_fusca,27
Carlia_longipes,27
Carlia_luctuosa,27
Carlia_mundivensis,27
Carlia_mysi,27
Carlia_pectoralis,27
Carlia_storri,27
Carlia_tetradactyla,27
Carlia_tutela,27
Carlia_vivax,27
Carphodactylus_laevis,26
Cautula_zia,29
Celestus_badius,34
Celestus_barbouri,37
Celestus_costatus,35
Celestus_crusculus,36
Celestus_fowleri,34
Celestus_hewardii,34
Celestus_occiduus,34
Celestus_rozellae,35
Celestus_stenurus,34
Celestus_sternus,34
Ceratophora_aspera,19
Ceratophora_stoddartii,19
Ceratophora_tennentii,20
Cercosaura_argulus,26
Cercosaura_manicatus,27
Cercosaura_ocellata,25
Cercosaura_quadrilineata,25
Cercosaura_schreibersii,26
Cercosaura_vertebralis,26
Chalarodon_madagascariensis,23
Chalcides_armitagei,50
Chalcides_bedriagai,39
Chalcides_chalcides,56
Chalcides_colosii,38
Chalcides_ghiarai,38
Chalcides_guentheri,63
Chalcides_lanzai,39
Chalcides_levitoni,40
Chalcides_manueli,38
Chalcides_mauritanicus,51
Chalcides_minutus,58
Chalcides_mionecton,46
Chalcides_ocellatus,38
Chalcides_polylepis,38
Chalcides_pseudostriatus,62
Chalcides_pulchellus,41
Chalcides_ragazzi,37
Chalcides_sexlineatus,35
Chalcides_striatus,58
Chalcides_thierryi,44
Chalcides_viridanus,37
Chamaeleo_africanus,21
Chamaeleo_bitaeniatus,19
Chamaeleo_chamaeleon,20
Chamaeleo_dilepis,21
Chamaeleo_ellioti,19
Chamaeleo_fuellerorni,18
Chamaeleo_gracilis,21
Chamaeleo_hoehneli,19
Chamaeleo_jacksonii,19
Chamaeleo_melleri,21
Chamaeleo_senegalensis,21
Chamaesaura_anguina,37
Chamaesaura_macrolepis,38
Chelosania_brunnea,24
Chioninia_delalandii,26
Chioninia_fogoensis,27
Chioninia_spinalis,27
Chioninia_stangeri,27
Chioninia_vaillanti,26
Chlamydosaurus_kingii,22
Chondrodactylus_bibroni,26
Christinus_guentheri,27
Christinus_marmoratus,27
Cnemaspis_boulengerii,26
Cnemidophorus_communis,26
Cnemidophorus_costatus,26
Cnemidophorus_deppei,26
Cnemidophorus_exsanguis,26
Cnemidophorus_flagellicaudus,26
Cnemidophorus_gularis,26
Cnemidophorus_guttatus,26
Cnemidophorus_hyperythrus,26
Cnemidophorus_inornatus,25
Cnemidophorus_lemniscatus,26
Cnemidophorus_mexicanus,26
Cnemidophorus_neomexicanus,25
Cnemidophorus_sexlineatus,26
Cnemidophorus_tesselatus,26
Cnemidophorus_tigris,26
Cnemidophorus_velox,26
Coeranoscincus_frontalis,73
Coeranoscincus_reticulatum,54
Coleonyx_brevis,25
Coleonyx_elegans,25
Coleonyx_mitratus,25
Coleonyx_reticulatus,26
Coleonyx_variegatus,26
Colobodactylus_dalcyanus,30
Cophosaurus_texanus,22
Cophotis_ceylanica,20
Cordylosaurus_subtesselatus,28
Cordylus_caeruleopunctatus,25
Cordylus_cataphractus,23
Cordylus_cordylus,25
Cordylus_giganteus,25
Cordylus_macropholis,24
Cordylus_microlepidotus,26
Cordylus_namaquensis,26
Cordylus_niger,25
Cordylus_peersi,26
Cordylus_polyzonus,26
Cordylus_spinosus,24
Cordylus_tropidosternum,26
Cordylus_vittifer,25
Cordylus_warreni,26
Corucia_zebrata,26
Corytophanes_cristatus,24
Corytophanes_hernandezi,24
Corytophanes_percarinatus,23
Crenadactylus_ocellatus,26
Cricosaura_typica,26
Crocodilurus_amazonicus,25
Crotaphytus_collaris,24
Crotaphytus_dickersonae,24
Crotaphytus_insularis,23
Crotaphytus_reticulatus,23
Cryptoblepharus_boutonii,27
Cryptoblepharus_plagiocephalus,27
Cryptoblepharus_virgatus,27
Ctenophorus_caudicinctus,23
Ctenophorus_clayi,23
Ctenophorus_decresii,22
Ctenophorus_femoralis,23
Ctenophorus_fionni,21
Ctenophorus_gibba,22
Ctenophorus_isolepis,23
Ctenophorus_maculatus,21
Ctenophorus_nuchalis,23
Ctenophorus_ornatus,23
Ctenophorus_pictus,22
Ctenophorus_reticulatus,23
Ctenophorus_rufescens,23
Ctenophorus_salinarum,23
Ctenophorus_scutulatus,23
Ctenophorus_vadnappa,23
Ctenosaura_hemilopha,24
Ctenosaura_pectinata,24
Ctenosaura_quinquecarinata,24
Ctenosaura_similis,23
Ctenotus_australis,26
Ctenotus_brooksi,26
Ctenotus_essingtoni,26
Ctenotus_fallens,26
Ctenotus_grandis,26
Ctenotus_labillardieri,26
Ctenotus_pantherinus,26
Ctenotus_pulchellus,26
Ctenotus_robustus,26
Ctenotus_rubicundus,26
Ctenotus_schevilli,26
Ctenotus_taeniolatus,26
Ctenotus_youngsoni,26
Cyclodina_cuprea,29
Cyclodina_oliveri,29
Cyclodina_ornata,29
Cyclodomorphus_branchialis,42
Cyclodomorphus_casuarinae,41
Cyclodomorphus_maxima,42
Cyclura_nubila,24
Cyrtodactylus_annulatus,26
Cyrtodactylus_louisiadensis,26
Cyrtopodion_scaber,26
Darevskia_derjugini,26
Darevskia_praticola,27
Darevskia_rudis,27
Darevskia_saxicola,27
Dasia_grisea,26
Dasia_olivacea,26
Delma_australis,54
Delma_borea,55
Delma_concinna,46
Delma_elegans,58
Delma_fraseri,60
Delma_grayii,51
Delma_impar,55
Delma_inornata,56
Delma_molleri,54
Delma_nasuta,58
Delma_pax,58
Delma_plebeia,58
Delma_tincta,54
Delma_torquata,61
Dibamus_novaeguineae,118
Dicrodon_guttulatum,26
Dicrodon_heterolepis,26
Diplodactylus_alboguttatus,26
Diplodactylus_byrnei,26
Diplodactylus_conspicillatus,28
Diplodactylus_galeatus,26
Diplodactylus_granariensis,26
Diplodactylus_mitchelli,26
Diplodactylus_ornatus,26
Diplodactylus_polyophthalmus,26
Diplodactylus_pulcher,27
Diplodactylus_squarrosus,26
Diplodactylus_steindachneri,26
Diplodactylus_stenodactylus,26
Diplodactylus_tessellatus,26
Diplodactylus_vittatus,26
Diploglossus_bilobatus,33
Diploglossus_curtisi,37
Diploglossus_darlingtoni,33
Diploglossus_delasagra,45
Diploglossus_fasciatus,35
Diploglossus_lessonae,41
Diploglossus_millepunctatus,32
Diploglossus_pleei,42
Diplolaemus_bibroni,24
Diplolaemus_darwinii,25
Diplolaemus_leopardinus,24
Diporiphora_albilabris,21
Diporiphora_australis,22
Diporiphora_bilineata,21
Diporiphora_magna,23
Diporiphora_pindan,23
Dipsosaurus_dorsalis,24
Draco_bimaculatus,23
Draco_blanfordii,23
Draco_fimbriatus,24
Draco_guentheri,23
Draco_haematopogon,23
Draco_jareckii,22
Draco_maculatus,23
Draco_maximus,24
Draco_melanopogon,23
Draco_obscurus,23
Draco_ornatus,23
Draco_quinquefasciatus,23
Draco_spilopterus,23
Draco_sumatranus,23
Draco_volans,23
Echinosaura_horrida,26
Echinosaura_panamensis,24
Egernia_coventryi,29
Egernia_cunninghami,26
Egernia_depressa,26
Egernia_formosa,26
Egernia_frerei,26
Egernia_hosmeri,26
Egernia_inornata,26
Egernia_kingii,26
Egernia_kintorei,26
Egernia_luctuosa,26
Egernia_major,26
Egernia_margaretae,26
Egernia_mcpheei,26
Egernia_modesta,26
Egernia_multiscutata,26
Egernia_napoleonis,26
Egernia_pilbarensis,26
Egernia_pulchra,26
Egernia_richardi,26
Egernia_rugosa,26
Egernia_saxatilis,26
Egernia_slateri,26
Egernia_stokesii,27
Egernia_striata,26
Egernia_striolata,26
Elasmodactylus_tuberculosus,26
Elgaria_coerulea,30
Elgaria_kingii,31
Elgaria_multicarinata,30
Elgaria_paucicarinata,31
Emoia_adspersa,28
Emoia_arnoensis,28
Emoia_atrocostata,28
Emoia_boettgeri,28
Emoia_caeruleocauda,28
Emoia_cyanogaster,28
Emoia_cyanura,27
Emoia_impar,28
Emoia_jakati,28
Emoia_lawesii,28
Emoia_longicauda,28
Emoia_mivarti,26
Emoia_nigra,27
Emoia_pallidiceps,28
Emoia_popei,28
Emoia_rufilabialis,28
Emoia_samoensis,27
Emoia_slevini,28
Emoia_submetallica,28
Emoia_tropidolepis,28
Enyalioides_cofanorum,23
Enyalioides_heterolepis,23
Enyalioides_microlepis,24
Enyalioides_palpebralis,24
Enyalius_brasiliensis,25
Enyalius_perditus,24
Eremias_argus,27
Eremias_persica,25
Eremias_strauchi,26
Eremias_velox,26
Eremiascincus_fasciolatus,26
Eremiascincus_richardsonii,26
Eublepharis_angramainyu,25
Eublepharis_macularius,25
Eugongylus_albofasciolatus,28
Eugongylus_rufescens,27
Eulamprus_amplus,26
Eulamprus_brachysoma,26
Eulamprus_heatwolei,26
Eulamprus_leuraensis,26
Eulamprus_luteilateralis,26
Eulamprus_martini,26
Eulamprus_murrayi,26
Eulamprus_quoyii,26
Eulamprus_tenuis,27
Eulamprus_tigrinus,26
Eulamprus_tympanum,26
Euleptes_europea,26
Eumeces_pavimentatus,29
Eumeces_schneideri,29
Eurylepis_taeniolatus,37
Eutropis_andamanensis,26
Eutropis_carinata,26
Eutropis_longicauda,26
Eutropis_macularia,26
Eutropis_multicarinata,26
Eutropis_multifasciata,26
Eutropis_rudis,26
Eutropis_rugifera,26
Feylinia_boulengeri,45
Furcifer_oustaleti,21
Gallotia_atlantica,26
Gallotia_galloti,26
Gallotia_simonyi,26
Gambelia_sila,24
Gambelia_wislizenii,23
Gastropholis_echinata,29
Gastropholis_prasina,29
Gastropholis_vittata,29
Geckolepis_maculata,26
Gehyra_australis,26
Gehyra_borroloola,26
Gehyra_dubia,26
Gehyra_mutilata,26
Gehyra_nana,26
Gehyra_oceanica,26
Gehyra_pamela,26
Gehyra_pilbara,26
Gehyra_variegata,26
Gehyra_vorax,26
Gekko_mindorensis,26
Gekko_monarchus,26
Gekko_vittatus,26
Geocalamus_acutus,106
Gerrhonotus_liocephalus,35
Gerrhosaurus_flavigularis,28
Gerrhosaurus_major,28
Gerrhosaurus_nigrolineatus,28
Gerrhosaurus_skoogi,28
Gerrhosaurus_validus,27
Glaphyromorphus_arnhemicus,26
Glaphyromorphus_cracens,32
Glaphyromorphus_crassicaudus,31
Glaphyromorphus_darwiniensis,28
Glaphyromorphus_douglasi,26
Glaphyromorphus_fuscicaudis,26
Glaphyromorphus_gracilipes,37
Glaphyromorphus_isolepis,26
Glaphyromorphus_mjobergi,29
Glaphyromorphus_mjoebergi,29
Glaphyromorphus_nigricaudis,26
Glaphyromorphus_pardalis,26
Glaphyromorphus_pumilus,36
Glaphyromorphus_punctatus,34
Gnypetoscincus_queenslandiae,26
Gonatodes_albogularis,26
Gonatodes_annularis,26
Gonatodes_ceciliae,27
Gonatodes_hasemani,27
Gonatodes_humeralis,27
Gonatodes_taniae,26
Gonatodes_vittatus,26
Goniurosaurus_kuroiwae,25
Gonocephalus_chamaeleontinus,22
Gonocephalus_grandis,22
Gonocephalus_leiogaster,22
Gonocephalus_semperi,21
Gymnophthalmus_lineatus,28
Gymnophthalmus_pleei,30
Gymnophthalmus_speciosus,30
Hakaria_simonyi,40
Heloderma_suspectum,35
Hemidactylus_brookii,26
Hemidactylus_depressus,26
Hemidactylus_frenatus,26
Hemidactylus_leschenaulti,26
Hemidactylus_platycephalus,26
Hemidactylus_platyurus,26
Hemidactylus_turcicus,26
Hemiergis_decresiensis,38
Hemiergis_initialis,38
Hemiergis_millewae,37
Hemiergis_peroni,38
Hemiergis_quadrilineata,39
Hemitheconyx_caudicinctus,26
Heteronotia_binoei,26
Holaspis_guentheri,27
Holbrookia_lacerata,22
Holbrookia_maculata,22
Holbrookia_propinqua,22
Homonota_underwoodi,25
Hoplocercus_spinosus,25
Hoplodactylus_maculatus,26
Hydrosaurus_pustulatus,22
Hydrosaurus_weberi,22
Hypsilurus_dilophus,22
Hypsilurus_godeffroyi,23
Hypsilurus_modestus,23
Hypsilurus_nigrigularis,23
Hypsilurus_spinipes,23
Iberolacerta_horvathi,26
Iberolacerta_monticola,26
Iguana_iguana,24
Iphisa_elegans,29
Isopachys_gyldenstolpei,73
Isopachys_roulei,53
Janetaescincus_braueri,26
Japalura_flaviceps,23
Japalura_polygonata,23
Japalura_splendida,22
Japalura_swinhonis,23
Kentropyx_altamazonica,25
Kentropyx_borkiana,26
Kentropyx_calcarata,26
Kentropyx_pelviceps,26
Kentropyx_viridistriga,26
Lacerta_agilis,29
Lacerta_andreanskyi,27
Lacerta_bedriagae,26
Lacerta_brandti,26
Lacerta_cappadocica,26
Lacerta_chlorogaster,27
Lacerta_danfordi,26
Lacerta_graeca,27
Lacerta_laevis,26
Lacerta_mosorensis,26
Lacerta_oxicephala,25
Lacerta_schreiberi,27
Lacerta_trilineata,27
Lacerta_viridis,27
Laemanctus_longipes,23
Laemanctus_serratus,22
Lamprolepis_smaragdina,26
Lampropholis_amicula,28
Lampropholis_caligula,31
Lampropholis_delicata,26
Lampropholis_guichenoti,27
Lampropholis_mirabilis,26
Lanthanotus_borneensis,35
Latastia_longicaudata,27
Laudakia_badakhshana,23
Laudakia_lehmanni,23
Laudakia_nupta,23
Laudakia_stellio,23
Leiocephalus_barahonensis,24
Leiocephalus_carinatus,24
Leiocephalus_cubensis,24
Leiocephalus_loxogrammus,24
Leiocephalus_lunatus,24
Leiocephalus_macropus,24
Leiocephalus_personatus,23
Leiocephalus_raviceps,23
Leiocephalus_schreibersi,25
Leiocephalus_semilineatus,24
Leiolepis_belliana,23
Leiolopisma_lineocellata,29
Lepidoblepharis_festae,25
Lepidoblepharis_ruthveni,26
Lepidodactylus_aureolineatus,26
Lepidodactylus_christiani,26
Lepidodactylus_lugubris,26
Lepidophyma_flavimaculatum,26
Lepidophyma_gaigeae,26
Lepidophyma_smithii,26
Leposoma_parietale,25
Leposoma_scincoides,24
Leposoma_southi,25
Leposternon_microcephalum,96
Leptosiaphos_blochmanni,37
Leptotyphlops_diaplocius,197
Leptotyphlops_macrolepis,204
Leptotyphlops_melanotermus,218
Lerista_allanae,44
Lerista_ameles,49
Lerista_apoda,67
Lerista_bipes,44
Lerista_borealis,40
Lerista_bougainvillii,36
Lerista_cinerea,48
Lerista_connivens,42
Lerista_desertorum,43
Lerista_distinguenda,35
Lerista_dorsalis,37
Lerista_fragilis,42
Lerista_frosti,38
Lerista_gerrardi,45
Lerista_greeri,42
Lerista_griffini,43
Lerista_ips,44
Lerista_karlschmidti,49
Lerista_labialis,44
Lerista_lineopunctulata,46
Lerista_macropisthopus,44
Lerista_microtis,34
Lerista_muelleri,38
Lerista_neander,44
Lerista_onsloviana,43
Lerista_orientalis,38
Lerista_picturata,43
Lerista_planiventralis,40
Lerista_praepedita,50
Lerista_punctatovittata,44
Lerista_simillima,42
Lerista_stictopleura,41
Lerista_stylis,49
Lerista_terdigitata,38
Lerista_tetradactyla,38
Lerista_uniduo,43
Lerista_vittata,48
Lerista_wilkinsi,48
Lerista_xanthura,39
Lialis_burtonis,85
Lialis_jicari,94
Liolaemus_bellii,24
Liolaemus_bibronii,25
Liolaemus_cyanogaster,24
Liolaemus_fitzingerii,25
Liolaemus_gravenhorstii,25
Liolaemus_kingii,24
Liolaemus_leopardinus,24
Liolaemus_nigromaculatus,24
Liolaemus_orientalis,24
Liolaemus_ornatus,24
Liolaemus_paulinae,25
Liolaemus_quilmes,23
Liolaemus_signifer,24
Liolaemus_tenuis,24
Liolaemus_wiegmannii,23
Liotyphlops_anops,276
Liotyphlops_wilderi,205
Lipinia_noctua,27
Lipinia_quadrivittata,26
Lipinia_vittigera,26
Lophognathus_gilberti,23
Lophognathus_longirostris,24
Lophognathus_temporalis,23
Lucasium_damaeum,26
Lygisaurus_foliorum,27
Lygisaurus_novaeguineae,27
Lygodactylus_bernardi,25
Lygodactylus_luteopicturatus,26
Lygodactylus_picturatus,26
Lygosoma_afrum,41
Lygosoma_fernandi,30
Lygosoma_melanopogon,26
Lygosoma_punctata,41
Lygosoma_quadrupes,54
Mabuya_agilis,29
Mabuya_arajara,29
Mabuya_bistriata,28
Mabuya_caissara,30
Mabuya_frenata,29
Mabuya_guaporicola,33
Mabuya_heathi,29
Mabuya_mabouya,29
Mabuya_macrorhyncha,28
Mabuya_macularia,25
Mabuya_nigropunctata,29
Mabuya_seychellensis,27
Mabuya_tessellata,26
Mabuya_tytleri,26
Mabuya_unimarginata,29
Mabuya_wrightii,26
Menetia_alanae,30
Menetia_amaura,29
Menetia_greyii,29
Menetia_maini,30
Menetia_surda,29
Meroles_anchietae,24
Meroles_ctenodactylus,23
Meroles_cuneirostris,24
Meroles_knoxii,24
Meroles_micropholidotus,24
Meroles_reticulatus,25
Meroles_suborbitalis,23
Mesalina_olivieri,27
Mesaspis_gadovii,29
Mesaspis_monticolus,29
Mesaspis_moreleti,29
Mesoscincus_managuae,32
Mesoscincus_schwartzei,28
Microlophus_albemarlensis,24
Microlophus_delanonis,25
Microlophus_occipitalis,23
Microlophus_pacificus,23
Microlophus_peruvianus,24
Microlophus_tigris,24
Moloch_horridus,19
Morethia_butleri,30
Morethia_lineoocellata,28
Morethia_taeniopleura,30
Morunasaurus_annularis,24
Morunasaurus_peruvianus,24
Nactus_pelagicus,26
Nannoscincus_mccoyi,36
Nephrurus_asper,26
Nephrurus_laevissimus,25
Nephrurus_levis,25
Nephrurus_milii,26
Nephrurus_sphyrurus,26
Nephrurus_stellatus,25
Nephrurus_vertebralis,25
Nephrurus_wheeleri,25
Neusticurus_bicarinatus,25
Neusticurus_rudis,25
Neusticurus_tatei,25
Niveoscincus_greeni,28
Niveoscincus_metallicus,29
Niveoscincus_ocellatus,29
Niveoscincus_palfreymani,29
Niveoscincus_pretiosus,28
Nothobachia_ablephara,41
Notoscincus_ornatus,28
Nucras_intertexta,27
Oedura_castelnaui,26
Oedura_gemmata,26
Oedura_lesueurii,26
Oedura_marmorata,26
Oedura_robusta,26
Oligosoma_moco,29
Oligosoma_smithi,28
Oligosoma_zelandicum,30
Omanosaura_jayakari,25
Ophidiocephalus_taeniatus,66
Ophiodes_intermedius,67
Ophiodes_striatus,67
Ophiodes_vertebralis,64
Ophioscincus_cooloolensis,44
Ophioscincus_ophioscincus,50
Ophioscincus_truncatus,49
Ophisaurus_attenuatus,58
Ophisaurus_compressus,47
Ophisaurus_gracilis,51
Ophisaurus_harti,51
Ophisaurus_sokolovi,46
Ophisaurus_ventralis,58
Oplurus_cuvieri,24
Oplurus_cyclurus,24
Oplurus_grandidieri,24
Oplurus_quadrimaculatus,24
Otocryptis_wiegmanni,21
Pachydactylus_capensis,26
Pachydactylus_punctatus,25
Pachydactylus_rugosus,27
Pachydactylus_vanzyli,26
Panaspis_kitsoni,27
Panaspis_togoensis,28
Panaspis_wahlbergi,30
Paracontias_brocchii,63
Paracontias_hildebrandti,51
Paracontias_holomelas,57
Paradelma_orientalis,88
Paroedura_bastardi,26
Parvilacerta_fraasi,28
Parvilacerta_parva,28
Pedioplanis_benguellensis,24
Pedioplanis_burchelli,25
Pedioplanis_lineoocellata,24
Pedioplanis_namaquensis,24
Perochirus_ateles,26
Petrosaurus_mearnsi,23
Petrosaurus_thalassinus,23
Phelsuma_borbonica,26
Phelsuma_cepediana,26
Phelsuma_lineata,26
Phelsuma_madagascariensis,26
Pholidobolus_affinis,25
Pholidobolus_montium,25
Phoxophrys_cephalum,20
Phoxophrys_nigrilabris,20
Phrynocephalus_axillaris,20
Phrynocephalus_euptilopus,21
Phrynocephalus_forsythii,20
Phrynocephalus_guttatus,20
Phrynocephalus_helioscopus,21
Phrynocephalus_interscapularis,21
Phrynocephalus_luteoguttatus,21
Phrynocephalus_maculatus,21
Phrynocephalus_mystaceus,21
Phrynocephalus_ornatus,21
Phrynocephalus_prewalskii,21
Phrynocephalus_raddei,20
Phrynocephalus_reticulatus,20
Phrynocephalus_roborowskii,21
Phrynocephalus_rossikowi,21
Phrynocephalus_strauchi,20
Phrynocephalus_theobaldi,20
Phrynosoma_asio,24
Phrynosoma_braconnieri,21
Phrynosoma_cerroense,23
Phrynosoma_cornutum,23
Phrynosoma_coronatum,23
Phrynosoma_douglassii,23
Phrynosoma_mcallii,22
Phrynosoma_modestum,22
Phrynosoma_orbiculare,22
Phrynosoma_platyrhinos,22
Phrynosoma_solare,22
Phrynosoma_taurus,23
Phyllodactylus_dixoni,26
Phyllodactylus_gerrhopygus,26
Phyllodactylus_microphyllus,26
Phyllodactylus_riebeckii,26
Phyllodactylus_tuberculosus,26
Phyllodactylus_xanti,26
Phyllurus_caudiannulatus,26
Phyllurus_platurus,25
Phymaturus_palluma,25
Physignathus_cocincinus,24
Physignathus_lesueurii,24
Platysaurus_capensis,26
Platysaurus_guttatus,26
Platysaurus_intermedius,25
Platysaurus_maculatus,24
Plestiodon_anthracinus,27
Plestiodon_brevirostris,31
Plestiodon_chinensis,26
Plestiodon_copei,30
Plestiodon_egregius,32
Plestiodon_elegans,25
Plestiodon_fasciatus,26
Plestiodon_gilberti,28
Plestiodon_inexpectatus,26
Plestiodon_laticeps,26
Plestiodon_longirostris,26
Plestiodon_obsoletus,26
Plestiodon_septentrionalis,26
Plestiodon_skiltonianus,28
Pletholax_gracilis,47
Podarcis_erhardii,28
Podarcis_filfolensis,26
Podarcis_hispanica,26
Podarcis_lilfordi,26
Podarcis_melisellensis,27
Podarcis_milensis,27
Podarcis_muralis,28
Podarcis_peloponnesianica,27
Podarcis_pityusensis,26
Podarcis_sicula,27
Podarcis_taurica,27
Podarcis_tiliguerta,26
Podarcis_wagleriana,27
Pogona_barbata,25
Pogona_minima,23
Pogona_minor,24
Pogona_nullarbor,24
Pogona_vitticeps,25
Polychrus_acutirostris,27
Polychrus_femoralis,27
Polychrus_liogaster,26
Polychrus_marmoratus,27
Potamites_apodemus,25
Potamites_chochranae,26
Potamites_ecpleopus,24
Potamites_ocelatus,25
Potamites_strangulatus,26
Prasinohaema_flavipes,26
Prasinohaema_virens,26
Pristurus_rupestris,23
Proctoporus_bolivianus,28
Proctoporus_pachyurus,27
Proscelotes_eggeli,42
Psammodromus_algirus,27
Psammodromus_blanci,26
Psammodromus_hispanicus,26
Psammodromus_microdactylus,26
Pseudemoia_baudini,28
Pseudemoia_entrecasteauxii,29
Pseudemoia_spenceri,29
Pseudoacontias_menamainty,67
Pseudogekko_brevipes,26
Pseudogekko_compressicorpus,26
Pseudogekko_smaragdinus,26
Pseudothecadactylus_australis,27
Pseudothecadactylus_lindneri,26
Ptenopus_garrulus,23
Ptychoglossus_brevifrontalis,24
Ptychoglossus_festae,25
Ptychoglossus_plicatus,24
Ptychozoon_kuhli,26
Ptyodactylus_hasselquisti,26
Pygomeles_braconnieri,62
Pygopus_lepidopodus,79
Pygopus_nigriceps,77
Ramphotyphlops_acuticaudus,178
Ramphotyphlops_erycinus,156
Ramphotyphlops_lineatus,252
Ramphotyphlops_polygrammicus,193
Rankinia_adelaidensis,22
Rankinia_diemensis,21
Rhachisaurus_brachylepis,30
Rhacodactylus_auriculatus,26
Rhampholeon_kerstenii,19
Rhampholeon_platyceps,17
Rhampholeon_spectrum,18
Rhinotyphlops_shlegelii,200
Rhinotyphlops_unitaeniatus,293
Rhoptropus_barnardi,25
Rhynchoedura_ornata,27
Riama_anatoloros,26
Riama_hyposticta,24
Riama_shrevei,24
Riama_simoterus,25
Riama_unicolor,27
Saiphos_equalis,38
Saltuarius_cornutus,25
Saproscincus_basiliscus,27
Saproscincus_challengeri,27
Saproscincus_czechurai,27
Saproscincus_mustelinus,29
Saproscincus_tetradactylus,26
Sauresia_sepsoides,40
Sauromalus_obesus,24
Sceloporus_acanthinus,23
Sceloporus_adleri,23
Sceloporus_aeneus,23
Sceloporus_bicanthalis,23
Sceloporus_bulleri,23
Sceloporus_carinatus,22
Sceloporus_chrysostictus,23
Sceloporus_clarkii,23
Sceloporus_cozumelae,23
Sceloporus_cyanogenys,23
Sceloporus_dugesii,23
Sceloporus_edwardtaylori,23
Sceloporus_formosus,23
Sceloporus_gadovae,20
Sceloporus_graciosus,23
Sceloporus_grammicus,22
Sceloporus_horridus,23
Sceloporus_hunsakeri,23
Sceloporus_jarrovii,22
Sceloporus_licki,22
Sceloporus_lineolateralis,23
Sceloporus_maculosus,22
Sceloporus_magister,23
Sceloporus_malachiticus,23
Sceloporus_melanorhinus,23
Sceloporus_merriami,23
Sceloporus_occidentalis,23
Sceloporus_olivaceus,23
Sceloporus_orcutti,22
Sceloporus_ornatus,23
Sceloporus_poinsettii,23
Sceloporus_pyrocephalus,21
Sceloporus_salvini,23
Sceloporus_scalaris,23
Sceloporus_siniferus,23
Sceloporus_spinosus,23
Sceloporus_torquatus,22
Sceloporus_undulatus,23
Sceloporus_utiformis,19
Sceloporus_variabilis,22
Sceloporus_zosteromus,23
Scelotes_anguina,49
Scelotes_arenicola,52
Scelotes_bipes,50
Scelotes_caffer,50
Scelotes_gronovii,51
Scelotes_mirus,45
Scelotes_sexlineatus,52
Scelotes_uluguruensis,40
Scincella_boettgeri,27
Scincella_lateralis,29
Scincella_modesta,28
Scincella_reevesii,26
Scincella_travancorica,25
Scincopus_fasciatus,27
Scincus_mitranus,27
Scincus_scincus,27
Shinisaurus_crocodilurus,26
Sitana_ponticeriana,19
Sphaerodactylus_argivus,26
Sphaerodactylus_copei,26
Sphaerodactylus_elegans,25
Sphaerodactylus_glaucus,26
Sphaerodactylus_macrolepis,26
Sphaerodactylus_notatus,26
Sphaerodactylus_sputator,25
Sphenodon_punctatus,25
Sphenomorphus_abdictus,26
Sphenomorphus_aruensis,26
Sphenomorphus_brunneus,26
Sphenomorphus_cherriei,26
Sphenomorphus_concinnatus,26
Sphenomorphus_coxi,26
Sphenomorphus_darlingtoni,26
Sphenomorphus_dusumierii,36
Sphenomorphus_incognitus,45
Sphenomorphus_indicus,26
Sphenomorphus_jagorii,26
Sphenomorphus_jobiensis,26
Sphenomorphus_leptofasciatus,26
Sphenomorphus_maculatus,26
Sphenomorphus_mindanensis,26
Sphenomorphus_papuensis,26
Sphenomorphus_solomonis,26
Sphenomorphus_temminckii,27
Sphenomorphus_variegatus,25
Sphenops_sepsoides,47
Sphenops_sphenopsiformis,49
Stenocercus_boettgeri,25
Stenocercus_chota,25
Stenocercus_formosus,24
Stenocercus_guentheri,24
Stenocercus_iridescens,22
Stenocercus_ornatus,24
Stenocercus_rhodomelas,24
Stenocercus_roseiventris,24
Stenocercus_variabilis,24
Stenodactylus_sternus,25
Strophurus_elderi,26
Strophurus_mcmillani,26
Strophurus_spinigerus,26
Strophurus_williamsi,26
Takydromus_amurensis,25
Takydromus_khasiensis,27
Takydromus_sauteri,25
Takydromus_septentrionalis,26
Takydromus_sexlineatus,26
Takydromus_smaragdinus,27
Takydromus_stejnegeri,26
Takydromus_wolteri,25
Tarentola_annularis,26
Teira_dugesii,26
Teira_perspicillata,27
Teius_teyou,26
Teratoscincus_microlepis,26
Teratoscincus_przewalskii,26
Teratoscincus_scincus,26
Tetradactylus_africanus,37
Tetradactylus_seps,30
Tetradactylus_tetradactylus,32
Tiliqua_adelaidensis,34
Tiliqua_gerrardii,35
Tiliqua_gigas,36
Tiliqua_multifasciata,33
Tiliqua_nigrolutea,37
Tiliqua_occipitalis,35
Tiliqua_rugosa,35
Tiliqua_scincoides,37
Timon_lepidus,28
Timon_princeps,27
Tracheloptychus_madagascariensis,27
Tracheloptychus_petersi,27
Trachylepis_acutilabris,26
Trachylepis_affinis,26
Trachylepis_albilabris,26
Trachylepis_aurata,27
Trachylepis_aureopunctata,26
Trachylepis_bayoni,26
Trachylepis_bensoni,26
Trachylepis_binotata,26
Trachylepis_bocagi,26
Trachylepis_boulengeri,26
Trachylepis_brevicollis,26
Trachylepis_buettneri,29
Trachylepis_capensis,25
Trachylepis_comorensis,26
Trachylepis_elegans,25
Trachylepis_gravenhorsti,26
Trachylepis_hemmingi,26
Trachylepis_hildae,26
Trachylepis_hildebrandti,26
Trachylepis_homalocephala,26
Trachylepis_irregularis,26
Trachylepis_ivensii,33
Trachylepis_lacertiformis,26
Trachylepis_laevis,26
Trachylepis_maculilabris,26
Trachylepis_megalura,26
Trachylepis_mlanjensis,26
Trachylepis_occidentalis,26
Trachylepis_ozorii,26
Trachylepis_perrotetii,26
Trachylepis_planifrons,26
Trachylepis_polytropis,26
Trachylepis_punctatissima,26
Trachylepis_punctulata,26
Trachylepis_quinquetaeniata,26
Trachylepis_rodenburgi,26
Trachylepis_socotrana,26
Trachylepis_spilogaster,26
Trachylepis_striata,26
Trachylepis_sulcata,26
Trachylepis_varia,26
Trachylepis_variegata,26
Trachylepis_vittata,27
Trapelus_agilis,21
Trapelus_blanfordii,21
Trapelus_pallida,21
Trapelus_ruderatus,21
Tretioscincus_agilis,27
Tretioscincus_bifasciatus,27
Tribolonotus_blanchardi,26
Tribolonotus_gracilis,25
Tribolonotus_novaeguineae,26
Tribolonotus_ponceleti,26
Tribolonotus_pseudoponceleti,25
Tribolonotus_schmidti,26
Tropidomorphus_berdmorei,27
Tropidomorphus_grayi,27
Tropidurus_bogerti,23
Tropidurus_guarani,24
Tropidurus_hispidus,24
Tropidurus_hygomi,23
Tropidurus_montanus,24
Tropidurus_plica,24
Tropidurus_spinulosus,24
Tropidurus_umbra,24
Tupinambis_teguixin,25
Tympanocryptis_cephalus,23
Tympanocryptis_intima,23
Tympanocryptis_lineata,23
Tympanocryptis_parviceps,22
Typhlacontias_brevipes,66
Typhlacontias_punctatissimus,55
Typhlops_bibroni,188
Typhlops_brongersmianus,136
Typhlops_dominicanus,227
Typhlops_monastus,174
Typhlops_punctatus,192
Typhlops_trinitatus,211
Typhlosaurus_caecus,101
Uma_inornata,23
Uma_notata,23
Uma_paraphygas,22
Uma_scoparia,22
Uracentron_azurea,24
Uracentron_flaviceps,24
Uranoscodon_superciliosus,24
Urocotyledon_palmata,26
Urocotyledon_weileri,26
Urocotyledon_wolterstorffi,26
Uromastyx_acanthinura,23
Uromastyx_aegyptia,23
Uromastyx_hardwickii,22
Uromastyx_loricata,24
Uromastyx_ocellata,24
Uromastyx_ornata,24
Uroplatus_fimbriatus,27
Urosaurus_auriculatus,23
Urosaurus_bicarinatus,22
Urosaurus_clarionensis,22
Urosaurus_gadovi,22
Urosaurus_nigricaudus,22
Urosaurus_ornatus,23
Uta_stansburiana,22
Vanzosaura_rubricauda,26
Varanus_acanthurus,29
Varanus_beccari,28
Varanus_bengalensis,28
Varanus_brevicauda,32
Varanus_caudolineatus,38
Varanus_dumerilii,29
Varanus_eremius,28
Varanus_exanthematicus,28
Varanus_giganteus,30
Varanus_gilleni,28
Varanus_gouldii,28
Varanus_griseus,29
Varanus_indicus,30
Varanus_komodoensis,27
Varanus_mertensi,29
Varanus_mitchelli,30
Varanus_niloticus,29
Varanus_panoptes,29
Varanus_pilbarensis,29
Varanus_primordius,29
Varanus_rudicollis,29
Varanus_salvator,29
Varanus_semiremex,33
Varanus_spenceri,29
Varanus_storri,27
Varanus_timorensis,29
Varanus_tristis,30
Varanus_varius,28
Voeltzkowia_fierinensis,47
Voeltzkowia_lineata,50
Wetmorena_haetiana,40
Xantusia_arizonae,26
Xantusia_henshawi,26
Xantusia_riversiana,26
Xantusia_vigilis,26
Xenosaurus_grandis,30
Zonosaurus_madagascariensis,29
Zonosaurus_maximus,28
Zonosaurus_ornatus,28
Zootoca_vivipara,27
